{"cameraMode":{"drawMode":0,"name":"Shaded","section":"Shading Mode"},"sceneLighting":true,"audioPlay":false,"sceneViewState":{"m_AlwaysRefresh":false,"showFog":true,"showSkybox":false,"showFlares":true,"showImageEffects":true,"showParticleSystems":true,"showVisualEffectGraphs":true,"m_FxEnabled":true},"in2DMode":false,"pivot":{"x":135.21397399902345,"y":10.41380500793457,"z":277.4578552246094},"rotation":{"x":0.01991797238588333,"y":-0.9467557072639465,"z":0.05972464755177498,"w":0.3157404959201813},"size":12.420696258544922,"orthographic":false}