{"cameraMode":{"drawMode":0,"name":"Shaded","section":"Shading Mode"},"sceneLighting":false,"audioPlay":false,"sceneViewState":{"m_AlwaysRefresh":false,"showFog":true,"showSkybox":false,"showFlares":true,"showImageEffects":true,"showParticleSystems":true,"showVisualEffectGraphs":true,"m_FxEnabled":true},"in2DMode":false,"pivot":{"x":-108.29745483398438,"y":4.718325614929199,"z":16.680566787719728},"rotation":{"x":0.13303105533123017,"y":-0.1504279524087906,"z":0.020433753728866578,"w":0.9794236421585083},"size":8.898348808288575,"orthographic":false}