{"cameraMode":{"drawMode":0,"name":"Shaded","section":"Shading Mode"},"sceneLighting":true,"audioPlay":false,"sceneViewState":{"m_AlwaysRefresh":false,"showFog":true,"showSkybox":true,"showFlares":true,"showImageEffects":true,"showParticleSystems":true,"showVisualEffectGraphs":true,"m_FxEnabled":true},"in2DMode":false,"pivot":{"x":28.917770385742189,"y":2.561070442199707,"z":52.07834243774414},"rotation":{"x":-0.0014943880960345269,"y":0.08629054576158524,"z":0.00012943430920131505,"w":0.9962692260742188},"size":3.144709587097168,"orthographic":false}