{"cameraMode":{"drawMode":0,"name":"Shaded","section":"Shading Mode"},"sceneLighting":true,"audioPlay":false,"sceneViewState":{"m_AlwaysRefresh":false,"showFog":true,"showSkybox":true,"showFlares":true,"showImageEffects":true,"showParticleSystems":true,"showVisualEffectGraphs":true,"m_FxEnabled":true},"in2DMode":false,"pivot":{"x":134.0193328857422,"y":12.68165111541748,"z":281.0812683105469},"rotation":{"x":0.0004774058179464191,"y":-0.9979351758956909,"z":0.007484631147235632,"w":0.06385289132595062},"size":4.024263858795166,"orthographic":false}